-- phpMyAdmin SQL Dump
-- version 4.9.1
-- https://www.phpmyadmin.net/
--
-- Host: localhost:3306
-- Generation Time: Feb 11, 2020 at 01:31 PM
-- Server version: 5.7.24
-- PHP Version: 7.2.19

SET SQL_MODE = "NO_AUTO_VALUE_ON_ZERO";
SET AUTOCOMMIT = 0;
START TRANSACTION;
SET time_zone = "+00:00";


/*!40101 SET @OLD_CHARACTER_SET_CLIENT=@@CHARACTER_SET_CLIENT */;
/*!40101 SET @OLD_CHARACTER_SET_RESULTS=@@CHARACTER_SET_RESULTS */;
/*!40101 SET @OLD_COLLATION_CONNECTION=@@COLLATION_CONNECTION */;
/*!40101 SET NAMES utf8mb4 */;

--
-- Database: `potato`
--

-- --------------------------------------------------------

--
-- Table structure for table `criteria`
--

CREATE TABLE `criteria` (
  `id` bigint(20) UNSIGNED NOT NULL,
  `criteria_season_name` text COLLATE utf8mb4_unicode_ci NOT NULL,
  `criteria_season_detail` text COLLATE utf8mb4_unicode_ci NOT NULL,
  `created_at` timestamp NULL DEFAULT NULL,
  `updated_at` timestamp NULL DEFAULT NULL
) ENGINE=InnoDB DEFAULT CHARSET=utf8mb4 COLLATE=utf8mb4_unicode_ci;

--
-- Dumping data for table `criteria`
--

INSERT INTO `criteria` (`id`, `criteria_season_name`, `criteria_season_detail`, `created_at`, `updated_at`) VALUES
(1, 'ปี 2562', 'มกราคม 2562 - ธันวาคม 2562', '2020-01-27 21:48:24', '2020-01-27 21:48:24'),
(2, 'ปี 2563', 'มกราคม 2563 - ธันวาคม 2563', '2020-02-03 08:13:58', '2020-02-03 08:13:58');

-- --------------------------------------------------------

--
-- Table structure for table `criteria_detail`
--

CREATE TABLE `criteria_detail` (
  `id` bigint(20) UNSIGNED NOT NULL,
  `criteria_detail_name` text COLLATE utf8mb4_unicode_ci NOT NULL,
  `criteria_detail_low` text COLLATE utf8mb4_unicode_ci NOT NULL,
  `criteria_detail_middle` text COLLATE utf8mb4_unicode_ci NOT NULL,
  `criteria_detail_high` text COLLATE utf8mb4_unicode_ci NOT NULL,
  `criteria_detail_Weight` double(8,3) NOT NULL,
  `criteria_main_id` text COLLATE utf8mb4_unicode_ci NOT NULL,
  `created_at` timestamp NULL DEFAULT NULL,
  `updated_at` timestamp NULL DEFAULT NULL
) ENGINE=InnoDB DEFAULT CHARSET=utf8mb4 COLLATE=utf8mb4_unicode_ci;

--
-- Dumping data for table `criteria_detail`
--

INSERT INTO `criteria_detail` (`id`, `criteria_detail_name`, `criteria_detail_low`, `criteria_detail_middle`, `criteria_detail_high`, `criteria_detail_Weight`, `criteria_main_id`, `created_at`, `updated_at`) VALUES
(1, 'ความสมบูรณ์ของหัวมันสำปะหลัง', 'หัวมันสำปะหลังมีขนาดเล็ก แคระแกรน', 'หัวมันลูกใหญ่ แต่มีแมลงกัดกินหรือมีความเสียหายอยู่บ้าง', 'หัวมันลูกใหญ่ หัวเต็ม ไม่มีรอยกัดของแมลง หรือความเสียหาย', 0.082, '1', '2020-01-27 21:51:03', '2020-01-27 21:51:03'),
(2, 'เปอร์เซ็นต์แป้งในมันสำปะหลัง', 'เปอร์เซ็นต์แป้งในมันสำปะหลัง ไม่ถึง 20%', 'เปอร์เซ็นต์แป้งในมันสำปะหลังอยู่ช่วง 20% ถึง 25%', 'เปอร์เซ็นต์แป้งในมันสำปะหลังมากกว่า 25%', 0.107, '1', '2020-01-27 21:51:47', '2020-01-27 21:51:47'),
(3, 'คุณภาพการเพาะปลูก', 'ปล่อยตามธรรมชาติ', 'เกษตรกรดูแลรักษาเป็นครั้งคราวตามสถานการณ์', 'เกษตรกรวางแผนการเพาะปลูกและบำรุงรักษาอย่างดี', 0.152, '1', '2020-01-27 21:52:22', '2020-01-27 21:52:22'),
(4, 'มีจำนวนไร่เพาะปลูกเพียงพอ', 'ไม่เกิน 5 ไร่', '5-10 ไร่', 'มากกว่า 10 ไร่ขึ้นไป', 0.094, '2', '2020-01-27 21:53:01', '2020-01-27 21:53:01'),
(5, 'ความซื่อสัตย์ต่อการซื้อขาย', 'มันสำปะหลังมีเศษหญ้าเศษดินปะปนมาก', 'มันสำปะหลังมีเศษหญ้าเศษดินปนอยู่บ้าง', 'มันสำปะหลังไม่มีเศษหญิงเศษดินปนหัวเกลี้ยงดี', 0.048, '2', '2020-01-27 21:53:42', '2020-01-27 21:53:42'),
(6, 'ความมั่นคงในการซื้อขายของเกษตรกร', 'ขายให้โรงงานคู่แข่งเสมอ', 'แทบจะไม่ขายให้โรงงานคู่แข่งเลย', 'ไม่เคยขายให้โรงงานคู่แข่งเลย', 0.169, '2', '2020-01-27 21:54:33', '2020-01-27 21:54:33'),
(7, 'ศักยภาพในการขนส่ง', 'รถอีแต๋น รถไถ', 'รถยนต์ รถบิ๊กอัพ', 'รถหกล้อขึ้นไป', 0.008, '3', '2020-01-27 21:55:12', '2020-01-27 21:55:12'),
(8, 'ส่งมอบได้ตามเวลา', 'ส่งมอบไม่ตรงตามเวลาที่ตกลงกันไว้เป็นประจำ', 'ส่งมอบไม่ตรงตามเวลาที่ตกลงกันไว้เป็นบางครั้ง', 'ส่งมอบตรงตามเวลาที่ตกลงกันไว้ทุกครั้ง', 0.033, '3', '2020-01-27 21:55:48', '2020-01-27 21:55:48'),
(9, 'ส่งมอบได้ตามปริมาณ', 'ส่งมอบไม่ได้ตามปริมาณที่ตกลงกันไว้เป็นประจำ(5 ครั้งขึ้นไป)', 'ส่งมอบไม่ได้ตามปริมาณที่ตกลงกันไว้เป็นบางครั้ง (ไม่เกิน 3 ครั้ง)', 'ส่งมอบได้ตามปริมาณที่ตกลงกันไว้ทุกครั้ง', 0.051, '3', '2020-01-27 21:56:19', '2020-01-27 21:56:19'),
(10, 'ระยะห่างจากแปลงปลูกมายังโรงงาน', 'มากกว่า 30 กม.', '10-30 กม.', 'น้อยกว่า 10 กม.', 0.013, '3', '2020-01-27 21:56:49', '2020-01-27 21:56:49'),
(11, 'ความสัมพันธ์กับโรงงาน', 'ไม่เคยซื้อขายกันมาก่อน', 'เคยซื้อขายกันมา แต่ไม่เกิน 1 ปี', 'ซื้อขายกันมา 1 ปี ขึ้นไป', 0.018, '4', '2020-01-27 21:57:33', '2020-01-27 21:57:33'),
(12, 'ทัศนคติต่อการพัฒนาตนเอง', 'เกษตรกรไม่มีการพัฒนาตนเอง ไม่สนใจฝึกอบรมเพิ่มพูนทักษะการเพาะปลูก ไม่มีแบบแผนในการเพาะปลูก ปล่อยตามธรรมชาติ', 'เกษตรกรมีการพัฒนาตนเอง ฝึกอบรมเพิ่มพูนทักษะอยู่บ้าง แต่การเพาะปลูกยังไม่เป็นแบบแผน', 'เกษตรกรมีการฝึกอบรมเพิ่มพูนทักษะอย่างต่อเนื่อง มีแบบแผนในการเพาะปลูก ดูแล เก็บเกี่ยว ที่ดี  มีการเรียนรู้เทคโนโลยีและนำมาปรับใช้ได้อย่างเหมาะสม', 0.061, '4', '2020-01-27 21:58:03', '2020-01-27 21:58:03'),
(13, 'ทัศนคติที่มีต่อโรงงาน', 'ไม่ยินดียินร้ายกับนโยบาย ที่โรงงานมีต่อเกษตรกร', 'ค่อนข้างพึงพอใจต่อนโยบายที่โรงงานมีต่อเกษตรกร', 'ให้การยอมรับนโยบายที่โรงงานมีต่อเกษตรกรเป็นอย่างดี และพึงพอใจเป็นอย่างมากหากได้ร่วมโครงการกับโรงงาน', 0.065, '4', '2020-01-27 21:58:30', '2020-01-27 21:58:30'),
(14, 'ทัศนคติที่เกษตรกรมีต่อการทำพันธสัญญา', 'ไม่ต้องการทำพันธสัญญา', 'ทำก็ได้ ไม่ทำก็ได้', 'ยินดีทำสัญญาด้วย', 0.100, '4', '2020-01-27 21:59:01', '2020-01-27 21:59:01'),
(15, 'ความสมบูรณ์ของหัวมันสำปะหลัง', 'หัวมันสำปะหลังมีขนาดเล็ก แคระแกรน', 'หัวมันลูกใหญ่ แต่มีแมลงกัดกินหรือมีความเสียหายอยู่บ้าง', 'หัวมันลูกใหญ่ หัวเต็ม ไม่มีรอยกัดของแมลง หรือความเสียหาย', 0.082, '5', '2020-02-03 08:17:33', '2020-02-03 08:17:33'),
(16, 'เปอร์เซ็นต์แป้งในมันสำปะหลัง', 'เปอร์เซ็นแป้งในมันสำปะหลัง ไม่ถึง 20%', 'เปอร์เซ็นแป้งในมันสำปะหลังอยู่ช่วง 20% ถึง 25%', 'เปอร์เซ็นแป้งในมันสำปะหลังมากกว่า 25%', 0.107, '5', '2020-02-03 08:20:26', '2020-02-03 08:20:26'),
(17, 'คุณภาพการเพาะปลูก', 'ปล่อยตามธรรมชาติ', 'เกษตรกรดูแลรักษาเป็นครั้งคราวตามสถานการณ์', 'เกษตรกรวางแผนการเพาะปลูกและบำรุงรักษาอย่างดี', 0.152, '5', '2020-02-03 08:21:00', '2020-02-03 08:21:00'),
(18, 'มีจำนวนไร่เพาะปลูกเพียงพอ', 'ไม่เกิน 5 ไร่', '5-10 ไร่', 'มากกว่า 10 ไร่ขึ้นไป', 0.094, '6', '2020-02-03 08:22:25', '2020-02-03 08:26:28'),
(19, 'ความซื่อสัตย์ต่อการซื้อขาย', 'มันสำปะหลังมีเศษหญ้าเศษดินปะปนมาก', 'มันสำปะหลังมีเศษหญ้าเศษดินปนอยู่บ้าง', 'มันสำปะหลังไม่มีเศษหญิงเศษดินปนหัวเกลี้ยงดี', 0.048, '6', '2020-02-03 08:23:29', '2020-02-03 08:26:03'),
(20, 'ความมั่นคงในการซื้อขายของเกษตรกร', 'ขายให้โรงงานคู่แข่งเสมอ', 'แทบจะไม่ขายให้โรงงานคู่แข่งเลย', 'ไม่เคยขายให้โรงงานคู่แข่งเลย', 0.169, '6', '2020-02-03 08:25:17', '2020-02-03 08:25:17'),
(21, 'ศักยภาพในการขนส่ง', 'รถอีแต๋น รถไถ', 'รถยนต์ รถบิ๊กอัพ', 'รถหกล้อขึ้นไป', 0.008, '7', '2020-02-03 08:28:53', '2020-02-03 08:28:53'),
(22, 'ส่งมอบได้ตามเวลา', 'ส่งมอบไม่ตรงตามเวลาที่ตกลงกันไว้เป็นประจำ', 'ส่งมอบไม่ตรงตามเวลาที่ตกลงกันไว้เป็นบางครั้ง', 'ส่งมอบตรงตามเวลาที่ตกลงกันไว้ทุกครั้ง', 0.033, '7', '2020-02-03 08:29:29', '2020-02-03 08:29:29'),
(23, 'ส่งมอบได้ตามปริมาณ', 'ส่งมอบไม่ได้ตามปริมาณที่ตกลงกันไว้เป็นประจำ(5 ครั้งขึ้นไป)', 'ส่งมอบไม่ได้ตามปริมาณที่ตกลงกันไว้เป็นบางครั้ง (ไม่เกิน 3 ครั้ง)', 'ส่งมอบได้ตามปริมาณที่ตกลงกันไว้ทุกครั้ง', 0.051, '7', '2020-02-03 08:29:58', '2020-02-03 08:29:58'),
(24, 'ระยะห่างจากแปลงปลูกมายังโรงงาน', 'มากกว่า 30 กม.', '10-30 กม.', 'น้อยกว่า 10 กม.', 0.013, '7', '2020-02-03 08:30:34', '2020-02-03 08:30:34'),
(25, 'ความสัมพันธ์กับโรงงาน', 'ไม่เคยซื้อขายกันมาก่อน', 'เคยซื้อขายกันมา แต่ไม่เกิน 1 ปี', 'ซื้อขายกันมา 1 ปี ขึ้นไป', 0.018, '8', '2020-02-03 08:31:39', '2020-02-03 08:31:39'),
(26, 'ทัศนคติต่อการพัฒนาตนเอง', 'เกษตรกรไม่มีการพัฒนาตนเอง ไม่สนใจฝึกอบรมเพิ่มพูนทักษะการเพาะปลูก ไม่มีแบบแผนในการเพาะปลูก ปล่อยตามธรรมชาติ', 'เกษตรกรมีการพัฒนาตนเอง ฝึกอบรมเพิ่มพูนทักษะอยู่บ้าง แต่การเพาะปลูกยังไม่เป็นแบบแผน', 'เกษตรกรมีการฝึกอบรมเพิ่มพูนทักษะอย่างต่อเนื่อง มีแบบแผนในการเพาะปลูก ดูแล เก็บเกี่ยว ที่ดี  มีการเรียนรู้เทคโนโลยีและนำมาปรับใช้ได้อย่างเหมาะสม', 0.061, '8', '2020-02-03 08:32:29', '2020-02-03 08:32:29'),
(27, 'ทัศนคติที่มีต่อโรงงาน', 'ไม่ยินดียินร้ายกับนโยบาย ที่โรงงานมีต่อเกษตรกร', 'ค่อนข้างพึงพอใจต่อนโยบายที่โรงงานมีต่อเกษตรกร', 'ให้การยอมรับนโยบายที่โรงงานมีต่อเกษตรกรเป็นอย่างดี และพึงพอใจเป็นอย่างมากหากได้ร่วมโครงการกับโรงงาน', 0.065, '8', '2020-02-03 08:33:09', '2020-02-03 08:33:09'),
(28, 'ทัศนคติที่เกษตรกรมีต่อการทำพันธสัญญา', 'ไม่ต้องการทำพันธสัญญา', 'ทำก็ได้ ไม่ทำก็ได้', 'ยินดีทำสัญญาด้วย', 0.100, '8', '2020-02-03 08:33:38', '2020-02-03 08:33:38');

-- --------------------------------------------------------

--
-- Table structure for table `criteria_main`
--

CREATE TABLE `criteria_main` (
  `id` bigint(20) UNSIGNED NOT NULL,
  `criteria_main_name` text COLLATE utf8mb4_unicode_ci NOT NULL,
  `criteria_main_Weight` double(8,3) NOT NULL,
  `criteria_id` text COLLATE utf8mb4_unicode_ci NOT NULL,
  `created_at` timestamp NULL DEFAULT NULL,
  `updated_at` timestamp NULL DEFAULT NULL
) ENGINE=InnoDB DEFAULT CHARSET=utf8mb4 COLLATE=utf8mb4_unicode_ci;

--
-- Dumping data for table `criteria_main`
--

INSERT INTO `criteria_main` (`id`, `criteria_main_name`, `criteria_main_Weight`, `criteria_id`, `created_at`, `updated_at`) VALUES
(1, 'ผลิตภัณฑ์', 0.340, '1', '2020-01-27 21:48:59', '2020-01-27 21:48:59'),
(2, 'กระบวนการผลิต', 0.310, '1', '2020-01-27 21:49:15', '2020-01-27 21:49:15'),
(3, 'การขนส่ง', 0.105, '1', '2020-01-27 21:49:27', '2020-01-27 21:49:27'),
(4, 'การให้ความร่วมมือ', 0.244, '1', '2020-01-27 21:49:43', '2020-01-27 21:49:43'),
(5, 'ผลิตภัณฑ์', 0.340, '2', '2020-02-03 08:15:39', '2020-02-03 08:15:39'),
(6, 'กระบวนการผลิต', 0.310, '2', '2020-02-03 08:16:01', '2020-02-03 08:16:01'),
(7, 'การขนส่ง', 0.105, '2', '2020-02-03 08:16:18', '2020-02-03 08:16:18'),
(8, 'การให้ความร่วมมือ', 0.244, '2', '2020-02-03 08:16:32', '2020-02-03 08:16:32');

-- --------------------------------------------------------

--
-- Table structure for table `failed_jobs`
--

CREATE TABLE `failed_jobs` (
  `id` bigint(20) UNSIGNED NOT NULL,
  `connection` text COLLATE utf8mb4_unicode_ci NOT NULL,
  `queue` text COLLATE utf8mb4_unicode_ci NOT NULL,
  `payload` longtext COLLATE utf8mb4_unicode_ci NOT NULL,
  `exception` longtext COLLATE utf8mb4_unicode_ci NOT NULL,
  `failed_at` timestamp NOT NULL DEFAULT CURRENT_TIMESTAMP
) ENGINE=InnoDB DEFAULT CHARSET=utf8mb4 COLLATE=utf8mb4_unicode_ci;

-- --------------------------------------------------------

--
-- Table structure for table `famer`
--

CREATE TABLE `famer` (
  `id` bigint(20) UNSIGNED NOT NULL,
  `famer_code` int(11) NOT NULL,
  `name_prefix` enum('นาย','นาง','นางสาว') COLLATE utf8mb4_unicode_ci NOT NULL,
  `fname` varchar(100) COLLATE utf8mb4_unicode_ci NOT NULL,
  `lname` varchar(100) COLLATE utf8mb4_unicode_ci NOT NULL,
  `gender` enum('male','female') COLLATE utf8mb4_unicode_ci NOT NULL,
  `status` varchar(100) COLLATE utf8mb4_unicode_ci NOT NULL,
  `birthday` datetime NOT NULL,
  `number_chil` int(11) NOT NULL,
  `adderss` varchar(100) COLLATE utf8mb4_unicode_ci NOT NULL,
  `education` varchar(100) COLLATE utf8mb4_unicode_ci NOT NULL,
  `phone_number` varchar(10) COLLATE utf8mb4_unicode_ci NOT NULL,
  `created_at` timestamp NULL DEFAULT NULL,
  `updated_at` timestamp NULL DEFAULT NULL
) ENGINE=InnoDB DEFAULT CHARSET=utf8mb4 COLLATE=utf8mb4_unicode_ci;

--
-- Dumping data for table `famer`
--

INSERT INTO `famer` (`id`, `famer_code`, `name_prefix`, `fname`, `lname`, `gender`, `status`, `birthday`, `number_chil`, `adderss`, `education`, `phone_number`, `created_at`, `updated_at`) VALUES
(1, 1001, 'นาย', 'วัชรพล', 'เชื้อวังคำ', 'male', 'โสด', '2019-11-06 00:00:00', 5, '112/4 บ.ดอนสมโฮง ต.ดงมอน อ.เมือง จ. มุกดาหาร 49000', 'ป.ตรี', '097-336534', '2020-02-03 00:45:40', '2020-02-03 00:45:40'),
(2, 1002, 'นาย', 'อภิเดช', 'สุขเกษม', 'male', 'สมรส', '2020-01-09 00:00:00', 5, '107 บ.ตาดแคน ต.ในเมืองมุข อ.เมือง จ.มุกดาหาร 49000', 'ม.3', '099-812760', '2020-02-03 07:48:28', '2020-02-03 07:48:28'),
(3, 1003, 'นาย', 'สวย', 'เมืองโคตร', 'female', 'สมรส', '2020-02-01 00:00:00', 5, '45/3 บ.สงเปือยเหนือ ต.ดงมอน อ.เมือง จ.มุกดาหาร 49000', 'ป.6', '064-528466', '2020-02-03 07:50:28', '2020-02-03 07:50:28'),
(4, 1004, 'นาย', 'รัตติยา', 'เมืองโคตร', 'female', 'โสด', '2020-01-09 00:00:00', 5, '85/3 บ.สงเปือยเหนือ ต.ดงมอน อ.เมือง จ.มุกดาหาร 49000', 'ป.ตรี', '087-874958', '2020-02-03 07:52:34', '2020-02-03 07:52:34'),
(5, 1005, 'นาย', 'นิ่ม', 'เชื้อวงคำ', 'male', 'สมรส', '2020-01-07 00:00:00', 5, '112/4 บ.ดอนสมโฮง ต.ดงมอน อ.เมือง จ.มุกดาหาร 49000', 'ม.6', '083-343490', '2020-02-03 07:53:55', '2020-02-03 07:53:55'),
(6, 1006, 'นาย', 'แกม', 'นาโสก', 'male', 'สมรส', '2020-01-15 00:00:00', 4, '108/6 บ.นาคำน้อย ต.คำป่่าหลาย อ.เมือง จ.มุกดาหาร 49000', 'ไม่มี', '091-782081', '2020-02-03 07:55:43', '2020-02-03 07:55:43'),
(7, 1007, 'นาย', 'ระวี', 'ใจช่วง', 'male', 'สมรส', '2020-01-04 00:00:00', 3, '88/6 บ.หนองผือ ต.หว้านใหญ่ อ.หว้านใหญ่ จ.มุกดาหาร 49000', 'ม.3', '093-432042', '2020-02-03 07:57:04', '2020-02-03 07:57:04'),
(8, 1008, 'นาย', 'มัด', 'แสนวิเศษ', 'male', 'สมรส', '2019-12-05 00:00:00', 5, '56/10 บ.คำป่่าหลาย ต.คำป่่าหลาย อ.เมือง จ.มุกดาหาร 49000', 'ม.3', '-', '2020-02-03 07:58:28', '2020-02-03 07:58:28'),
(9, 1009, 'นาย', 'บุญเติม', 'บุญวาล', 'male', 'สมรส', '2019-11-07 00:00:00', 6, '194/2 บ.สามขา ต.คำป่่าหลาย อ.เมือง จ.มุกดาหาร 49000', 'ป.6', '083-284283', '2020-02-03 08:00:07', '2020-02-03 08:00:07'),
(10, 1010, 'นาย', 'เปรียบ', 'แสนวิเศษ', 'female', 'สมรส', '2020-02-09 00:00:00', 5, '47/10 บ.คำป่่าหลาย ต.คำป่่าหลาย อ.เมือง จ.มุกดาหาร 49000', 'ป.6', 'ไม่มี', '2020-02-03 08:01:39', '2020-02-03 08:01:39'),
(11, 1011, 'นาย', 'บุรินทร์', 'พุธเจริญ', 'female', 'สมรส', '2020-02-02 00:00:00', 6, '33  ถนน.วิธสุรการ ต.มุกดาหาร จ.มุกดาหาร 49000', 'ป.ตรี', '081-872772', '2020-02-03 08:02:59', '2020-02-03 08:02:59'),
(12, 1012, 'นาย', 'สมรอง', 'สุขรี่', 'male', 'สมรส', '2019-11-07 00:00:00', 5, '162/14 บ.สามขา ต.คำป่่าหลาย อ.เมือง จ.มุกดาหาร 49000', 'ม.3', '082-312190', '2020-02-03 08:04:26', '2020-02-03 08:04:26'),
(13, 1013, 'นาย', 'บุญตา', 'คำลือไชย', 'male', 'สมรส', '2019-11-08 00:00:00', 6, '21/14 บ.สามขา ต.คำป่่าหลาย อ.เมือง จ.มุกดาหาร 49000', 'ป.6', '095-791913', '2020-02-03 08:05:50', '2020-02-03 08:05:50'),
(14, 1014, 'นาย', 'วัลลภ', 'ไชยศรี', 'male', 'สมรส', '2020-01-15 00:00:00', 4, '224/14 บ.สามขา ต.คำป่่าหลาย อ.เมือง จ.มุกดาหาร 49000', 'ม.3', '087-239938', '2020-02-03 08:07:05', '2020-02-03 08:07:05'),
(15, 1015, 'นาย', 'กฤษณา', 'อินปาว', 'male', 'สมรส', '2019-09-10 00:00:00', 4, '132/15 บ.สามขา ต.คำป่่าหลาย อ.เมือง จ.มุกดาหาร 49000', 'ป.4', '094-792268', '2020-02-03 08:09:29', '2020-02-03 08:09:29');

-- --------------------------------------------------------

--
-- Table structure for table `form_criteria_season`
--

CREATE TABLE `form_criteria_season` (
  `id` bigint(20) UNSIGNED NOT NULL,
  `famer_id` int(11) NOT NULL,
  `criteria_id` int(11) NOT NULL,
  `status` enum('start','success') COLLATE utf8mb4_unicode_ci NOT NULL,
  `created_at` timestamp NULL DEFAULT NULL,
  `updated_at` timestamp NULL DEFAULT NULL
) ENGINE=InnoDB DEFAULT CHARSET=utf8mb4 COLLATE=utf8mb4_unicode_ci;

--
-- Dumping data for table `form_criteria_season`
--

INSERT INTO `form_criteria_season` (`id`, `famer_id`, `criteria_id`, `status`, `created_at`, `updated_at`) VALUES
(1, 1, 1, 'success', '2020-02-03 09:03:05', '2020-02-03 09:04:16'),
(2, 2, 1, 'success', '2020-02-03 09:03:05', '2020-02-03 09:04:55'),
(3, 3, 1, 'success', '2020-02-03 09:03:05', '2020-02-03 09:12:29'),
(4, 4, 1, 'success', '2020-02-03 09:03:05', '2020-02-03 09:13:05'),
(5, 5, 1, 'success', '2020-02-03 09:03:05', '2020-02-03 09:14:15'),
(6, 6, 1, 'success', '2020-02-03 09:03:05', '2020-02-03 09:15:19'),
(7, 7, 1, 'success', '2020-02-03 09:03:05', '2020-02-03 09:16:20'),
(8, 8, 1, 'success', '2020-02-03 09:03:05', '2020-02-03 09:17:18'),
(9, 9, 1, 'success', '2020-02-03 09:03:05', '2020-02-03 09:17:54'),
(10, 10, 1, 'success', '2020-02-03 09:03:05', '2020-02-03 09:18:30'),
(11, 11, 1, 'success', '2020-02-03 09:03:10', '2020-02-03 09:42:28'),
(12, 12, 1, 'success', '2020-02-03 09:03:10', '2020-02-03 09:43:02'),
(13, 13, 1, 'success', '2020-02-03 09:03:10', '2020-02-03 09:43:31'),
(14, 14, 1, 'success', '2020-02-03 09:03:10', '2020-02-03 09:44:27'),
(15, 15, 1, 'success', '2020-02-03 09:03:10', '2020-02-03 09:44:54'),
(16, 1, 2, 'success', '2020-02-04 07:24:37', '2020-02-06 13:17:52'),
(17, 2, 2, 'start', '2020-02-06 13:47:50', '2020-02-06 13:47:50');

-- --------------------------------------------------------

--
-- Table structure for table `garden_detail`
--

CREATE TABLE `garden_detail` (
  `id` bigint(20) UNSIGNED NOT NULL,
  `famer_id` bigint(20) NOT NULL,
  `distance` int(11) NOT NULL,
  `latitude` varchar(100) COLLATE utf8mb4_unicode_ci NOT NULL,
  `longtitude` varchar(100) COLLATE utf8mb4_unicode_ci NOT NULL,
  `total_garden` int(11) NOT NULL,
  `soli_look` varchar(100) COLLATE utf8mb4_unicode_ci NOT NULL,
  `HP` varchar(100) COLLATE utf8mb4_unicode_ci NOT NULL,
  `enviroment` varchar(100) COLLATE utf8mb4_unicode_ci NOT NULL,
  `created_at` timestamp NULL DEFAULT NULL,
  `updated_at` timestamp NULL DEFAULT NULL
) ENGINE=InnoDB DEFAULT CHARSET=utf8mb4 COLLATE=utf8mb4_unicode_ci;

--
-- Dumping data for table `garden_detail`
--

INSERT INTO `garden_detail` (`id`, `famer_id`, `distance`, `latitude`, `longtitude`, `total_garden`, `soli_look`, `HP`, `enviroment`, `created_at`, `updated_at`) VALUES
(1, 1, 35, '449719.93', '1849705.71', 5, 'ร่วนปนทราย', '5', 'ที่ราบเนินเขา', '2020-02-03 00:45:40', '2020-02-03 00:45:40'),
(2, 2, 24, '455195', '1854562', 17, 'ทรายร่วน', '6.5', 'ที่ราบลุ่ม', '2020-02-03 07:48:28', '2020-02-03 07:48:28'),
(3, 3, 37, '462938', '1848517', 15, 'ทรายร่วน', '3.5', 'ที่ราบลุ่ม', '2020-02-03 07:50:28', '2020-02-03 07:50:28'),
(4, 4, 37, '463737', '1847901', 4, 'ทรายร่วน', '5.5', 'ที่ราบลุ่ม', '2020-02-03 07:52:34', '2020-02-03 07:52:34'),
(5, 5, 35, '460541', '1850396', 10, 'ร่วนปนทราย', '6.5', 'ที่ราบเชิงเขา', '2020-02-03 07:53:55', '2020-02-03 07:53:55'),
(6, 6, 11, '461392', '1846006', 17, 'ร่วน', '5.5', 'ที่รายเชิงเขา', '2020-02-03 07:55:43', '2020-02-03 07:55:43'),
(7, 7, 9, '470788.07', '1848079.6', 2, 'ทรายร่วน', '4', 'ราบลุ่ม', '2020-02-03 07:57:04', '2020-02-03 07:57:04'),
(8, 8, 6, '465206.41', '1846572.18', 30, 'ทรายร่วน', '5', 'ดิทรายร่วนที่ราบลุ่ม', '2020-02-03 07:58:28', '2020-02-03 07:58:28'),
(9, 9, 4, '464433.8', '1843707.87', 10, 'ร่วนปนทราย', '4', 'ราบลุ่ม', '2020-02-03 08:00:07', '2020-02-03 08:00:07'),
(10, 10, 6, '465135', '1847236', 4, 'ทรายร่วน', '5.6', 'ที่ราบลุ่ม', '2020-02-03 08:01:39', '2020-02-03 08:01:39'),
(11, 11, 20, '462229', '1845555', 35, 'ทรายร่วน', '5.5', 'ที่ราบลุ่ม', '2020-02-03 08:02:59', '2020-02-03 08:02:59'),
(12, 12, 4, '463043.03', '1847160.49', 10, 'ร่วนปนทราย', '4.5', 'ที่ราบลุ่มแม่น้ำ', '2020-02-03 08:04:26', '2020-02-03 08:04:26'),
(13, 13, 4, '462790.93', '1848686.06', 3, 'ทรายร่วน', '4', 'ที่ราบลุ่ม', '2020-02-03 08:05:50', '2020-02-03 08:05:50'),
(14, 14, 4, '461293.71', '1847886.44', 20, 'ทรายร่วน', '4', 'ที่ราบลุ่มแม่น้ำ', '2020-02-03 08:07:05', '2020-02-03 08:07:05'),
(15, 15, 4, '465008.87', '1843497.79', 7, 'ทรายร่วน', '4.5', 'ที่ราบลุ่ม', '2020-02-03 08:09:29', '2020-02-03 08:09:29');

-- --------------------------------------------------------

--
-- Table structure for table `harvest_information`
--

CREATE TABLE `harvest_information` (
  `id` bigint(20) UNSIGNED NOT NULL,
  `famer_id` int(11) NOT NULL,
  `age_potato` varchar(100) COLLATE utf8mb4_unicode_ci NOT NULL,
  `high_meter` int(11) NOT NULL,
  `calculate_potato` int(11) NOT NULL,
  `weight_potato` double(8,2) NOT NULL,
  `Evaluate_products` varchar(100) COLLATE utf8mb4_unicode_ci NOT NULL,
  `Trend_productivity` varchar(100) COLLATE utf8mb4_unicode_ci NOT NULL,
  `Provider_Name` varchar(100) COLLATE utf8mb4_unicode_ci NOT NULL,
  `Data_collector_name` varchar(100) COLLATE utf8mb4_unicode_ci NOT NULL,
  `created_at` timestamp NULL DEFAULT NULL,
  `updated_at` timestamp NULL DEFAULT NULL
) ENGINE=InnoDB DEFAULT CHARSET=utf8mb4 COLLATE=utf8mb4_unicode_ci;

-- --------------------------------------------------------

--
-- Table structure for table `management_gargen`
--

CREATE TABLE `management_gargen` (
  `id` bigint(20) UNSIGNED NOT NULL,
  `famer_id` bigint(20) NOT NULL,
  `Plow` int(11) NOT NULL,
  `plowpal` int(11) NOT NULL,
  `Groove` int(11) NOT NULL,
  `Foundation_fertilizer` varchar(100) COLLATE utf8mb4_unicode_ci NOT NULL,
  `about` varchar(100) COLLATE utf8mb4_unicode_ci NOT NULL,
  `Irrigation` varchar(100) COLLATE utf8mb4_unicode_ci NOT NULL,
  `Calculate` int(11) NOT NULL,
  `Make-up_fertilizer` varchar(100) COLLATE utf8mb4_unicode_ci NOT NULL,
  `about_2` varchar(100) COLLATE utf8mb4_unicode_ci NOT NULL,
  `Calculate_2` int(11) NOT NULL,
  `Weeding` varchar(100) COLLATE utf8mb4_unicode_ci NOT NULL,
  `About_people` varchar(100) COLLATE utf8mb4_unicode_ci NOT NULL,
  `Calculate_3` int(11) NOT NULL,
  `Expected_harvest_month` varchar(100) COLLATE utf8mb4_unicode_ci NOT NULL,
  `created_at` timestamp NULL DEFAULT NULL,
  `updated_at` timestamp NULL DEFAULT NULL
) ENGINE=InnoDB DEFAULT CHARSET=utf8mb4 COLLATE=utf8mb4_unicode_ci;

-- --------------------------------------------------------

--
-- Table structure for table `migrations`
--

CREATE TABLE `migrations` (
  `id` int(10) UNSIGNED NOT NULL,
  `migration` varchar(255) COLLATE utf8mb4_unicode_ci NOT NULL,
  `batch` int(11) NOT NULL
) ENGINE=InnoDB DEFAULT CHARSET=utf8mb4 COLLATE=utf8mb4_unicode_ci;

--
-- Dumping data for table `migrations`
--

INSERT INTO `migrations` (`id`, `migration`, `batch`) VALUES
(1, '2014_10_12_000000_create_users_table', 1),
(2, '2014_10_12_100000_create_password_resets_table', 1),
(3, '2019_08_19_000000_create_failed_jobs_table', 1),
(4, '2020_01_08_080130_create_farmer__personal_table', 1),
(5, '2020_01_08_081633_create_personal_farm_table', 1),
(6, '2020_01_09_082718_create_criteria_table', 1),
(7, '2020_01_09_083946_create_criteria_main_table', 1),
(8, '2020_01_09_084005_create_criteria_detail_table', 1),
(9, '2020_01_14_033913_create_score_famer_table', 1),
(10, '2020_01_14_034346_create_score_famer_main_table', 1),
(11, '2020_01_14_034853_create_score_famer_main_detail_table', 1),
(12, '2020_01_14_073002_create_management_garden_table', 1),
(13, '2020_01_22_232830_create_form_criteria_season_table', 1),
(14, '2020_01_23_002451_create_planting_information_table', 1),
(15, '2020_01_23_002811_create_plantation_management_information_table', 1),
(16, '2020_01_23_003730_create_harvest_information_table', 1);

-- --------------------------------------------------------

--
-- Table structure for table `password_resets`
--

CREATE TABLE `password_resets` (
  `email` varchar(255) COLLATE utf8mb4_unicode_ci NOT NULL,
  `token` varchar(255) COLLATE utf8mb4_unicode_ci NOT NULL,
  `created_at` timestamp NULL DEFAULT NULL
) ENGINE=InnoDB DEFAULT CHARSET=utf8mb4 COLLATE=utf8mb4_unicode_ci;

-- --------------------------------------------------------

--
-- Table structure for table `plantation_management_information`
--

CREATE TABLE `plantation_management_information` (
  `id` bigint(20) UNSIGNED NOT NULL,
  `famer_id` int(11) NOT NULL,
  `plow_da` int(11) NOT NULL,
  `plow_pea` int(11) NOT NULL,
  `Foundation_fertilizer` varchar(100) COLLATE utf8mb4_unicode_ci NOT NULL,
  `Groove` int(11) NOT NULL,
  `about_farm` int(11) NOT NULL,
  `give_water` varchar(100) COLLATE utf8mb4_unicode_ci NOT NULL,
  `give_water_calculate` int(11) NOT NULL,
  `Make_up_fertilizer` varchar(100) COLLATE utf8mb4_unicode_ci NOT NULL,
  `Make_up_fertilizer_about` varchar(100) COLLATE utf8mb4_unicode_ci NOT NULL,
  `Weeding` varchar(100) COLLATE utf8mb4_unicode_ci NOT NULL,
  `Weeding_about_people` varchar(100) COLLATE utf8mb4_unicode_ci NOT NULL,
  `Weeding_about_people_cal` int(11) NOT NULL,
  `Month_harvest` varchar(100) COLLATE utf8mb4_unicode_ci NOT NULL,
  `created_at` timestamp NULL DEFAULT NULL,
  `updated_at` timestamp NULL DEFAULT NULL
) ENGINE=InnoDB DEFAULT CHARSET=utf8mb4 COLLATE=utf8mb4_unicode_ci;

-- --------------------------------------------------------

--
-- Table structure for table `planting_information`
--

CREATE TABLE `planting_information` (
  `id` bigint(20) UNSIGNED NOT NULL,
  `famer_id` int(11) NOT NULL,
  `breed_type` varchar(100) COLLATE utf8mb4_unicode_ci NOT NULL,
  `Planting_distance` varchar(100) COLLATE utf8mb4_unicode_ci NOT NULL,
  `date_plant` datetime NOT NULL,
  `Planting_characteristics` varchar(100) COLLATE utf8mb4_unicode_ci NOT NULL,
  `created_at` timestamp NULL DEFAULT NULL,
  `updated_at` timestamp NULL DEFAULT NULL
) ENGINE=InnoDB DEFAULT CHARSET=utf8mb4 COLLATE=utf8mb4_unicode_ci;

-- --------------------------------------------------------

--
-- Table structure for table `score_famer`
--

CREATE TABLE `score_famer` (
  `id` bigint(20) UNSIGNED NOT NULL,
  `famer_id` int(11) NOT NULL,
  `criteria_score` double(8,2) NOT NULL,
  `form_criteria_id` int(11) NOT NULL,
  `created_at` timestamp NULL DEFAULT NULL,
  `updated_at` timestamp NULL DEFAULT NULL
) ENGINE=InnoDB DEFAULT CHARSET=utf8mb4 COLLATE=utf8mb4_unicode_ci;

--
-- Dumping data for table `score_famer`
--

INSERT INTO `score_famer` (`id`, `famer_id`, `criteria_score`, `form_criteria_id`, `created_at`, `updated_at`) VALUES
(1, 1, 0.75, 1, '2020-02-03 09:04:16', '2020-02-03 09:04:16'),
(2, 2, 0.69, 1, '2020-02-03 09:04:55', '2020-02-03 09:04:55'),
(3, 3, 0.76, 1, '2020-02-03 09:12:29', '2020-02-03 09:12:29'),
(4, 4, 0.68, 1, '2020-02-03 09:13:04', '2020-02-03 09:13:04'),
(5, 5, 0.74, 1, '2020-02-03 09:14:15', '2020-02-03 09:14:15'),
(6, 6, 0.68, 1, '2020-02-03 09:15:19', '2020-02-03 09:15:19'),
(7, 7, 0.61, 1, '2020-02-03 09:16:20', '2020-02-03 09:16:20'),
(8, 8, 0.72, 1, '2020-02-03 09:17:18', '2020-02-03 09:17:18'),
(9, 9, 0.79, 1, '2020-02-03 09:17:54', '2020-02-03 09:17:54'),
(10, 10, 0.81, 1, '2020-02-03 09:18:29', '2020-02-03 09:18:29'),
(11, 11, 0.75, 1, '2020-02-03 09:42:28', '2020-02-03 09:42:28'),
(12, 12, 0.78, 1, '2020-02-03 09:43:02', '2020-02-03 09:43:02'),
(13, 13, 0.69, 1, '2020-02-03 09:43:31', '2020-02-03 09:43:31'),
(14, 14, 0.85, 1, '2020-02-03 09:44:27', '2020-02-03 09:44:27'),
(15, 15, 0.82, 1, '2020-02-03 09:44:54', '2020-02-03 09:44:54');

-- --------------------------------------------------------

--
-- Table structure for table `score_famer_main`
--

CREATE TABLE `score_famer_main` (
  `id` bigint(20) UNSIGNED NOT NULL,
  `score_id` int(11) NOT NULL,
  `famer_id` int(11) NOT NULL,
  `topic` int(11) NOT NULL,
  `topic_score` double(8,2) NOT NULL,
  `created_at` timestamp NULL DEFAULT NULL,
  `updated_at` timestamp NULL DEFAULT NULL
) ENGINE=InnoDB DEFAULT CHARSET=utf8mb4 COLLATE=utf8mb4_unicode_ci;

--
-- Dumping data for table `score_famer_main`
--

INSERT INTO `score_famer_main` (`id`, `score_id`, `famer_id`, `topic`, `topic_score`, `created_at`, `updated_at`) VALUES
(1, 1, 1, 1, 0.25, '2020-02-03 09:04:16', '2020-02-03 09:04:16'),
(2, 1, 1, 2, 0.25, '2020-02-03 09:04:16', '2020-02-03 09:04:16'),
(3, 1, 1, 3, 0.06, '2020-02-03 09:04:16', '2020-02-03 09:04:16'),
(4, 1, 1, 4, 0.19, '2020-02-03 09:04:16', '2020-02-03 09:04:16'),
(5, 2, 2, 1, 0.25, '2020-02-03 09:04:55', '2020-02-03 09:04:55'),
(6, 2, 2, 2, 0.22, '2020-02-03 09:04:55', '2020-02-03 09:04:55'),
(7, 2, 2, 3, 0.06, '2020-02-03 09:04:55', '2020-02-03 09:04:55'),
(8, 2, 2, 4, 0.15, '2020-02-03 09:04:55', '2020-02-03 09:04:55'),
(9, 3, 3, 1, 0.25, '2020-02-03 09:12:29', '2020-02-03 09:12:29'),
(10, 3, 3, 2, 0.22, '2020-02-03 09:12:29', '2020-02-03 09:12:29'),
(11, 3, 3, 3, 0.08, '2020-02-03 09:12:29', '2020-02-03 09:12:29'),
(12, 3, 3, 4, 0.21, '2020-02-03 09:12:29', '2020-02-03 09:12:29'),
(13, 4, 4, 1, 0.25, '2020-02-03 09:13:04', '2020-02-03 09:13:04'),
(14, 4, 4, 2, 0.22, '2020-02-03 09:13:04', '2020-02-03 09:13:04'),
(15, 4, 4, 3, 0.06, '2020-02-03 09:13:04', '2020-02-03 09:13:04'),
(16, 4, 4, 4, 0.15, '2020-02-03 09:13:04', '2020-02-03 09:13:04'),
(17, 5, 5, 1, 0.25, '2020-02-03 09:14:15', '2020-02-03 09:14:15'),
(18, 5, 5, 2, 0.22, '2020-02-03 09:14:15', '2020-02-03 09:14:15'),
(19, 5, 5, 3, 0.08, '2020-02-03 09:14:15', '2020-02-03 09:14:15'),
(20, 5, 5, 4, 0.19, '2020-02-03 09:14:15', '2020-02-03 09:14:15'),
(21, 6, 6, 1, 0.25, '2020-02-03 09:15:19', '2020-02-03 09:15:19'),
(22, 6, 6, 2, 0.22, '2020-02-03 09:15:19', '2020-02-03 09:15:19'),
(23, 6, 6, 3, 0.06, '2020-02-03 09:15:19', '2020-02-03 09:15:19'),
(24, 6, 6, 4, 0.15, '2020-02-03 09:15:19', '2020-02-03 09:15:19'),
(25, 7, 7, 1, 0.25, '2020-02-03 09:16:20', '2020-02-03 09:16:20'),
(26, 7, 7, 2, 0.15, '2020-02-03 09:16:20', '2020-02-03 09:16:20'),
(27, 7, 7, 3, 0.06, '2020-02-03 09:16:20', '2020-02-03 09:16:20'),
(28, 7, 7, 4, 0.15, '2020-02-03 09:16:20', '2020-02-03 09:16:20'),
(29, 8, 8, 1, 0.20, '2020-02-03 09:17:18', '2020-02-03 09:17:18'),
(30, 8, 8, 2, 0.22, '2020-02-03 09:17:18', '2020-02-03 09:17:18'),
(31, 8, 8, 3, 0.07, '2020-02-03 09:17:18', '2020-02-03 09:17:18'),
(32, 8, 8, 4, 0.22, '2020-02-03 09:17:18', '2020-02-03 09:17:18'),
(33, 9, 9, 1, 0.25, '2020-02-03 09:17:54', '2020-02-03 09:17:54'),
(34, 9, 9, 2, 0.25, '2020-02-03 09:17:54', '2020-02-03 09:17:54'),
(35, 9, 9, 3, 0.06, '2020-02-03 09:17:54', '2020-02-03 09:17:54'),
(36, 9, 9, 4, 0.22, '2020-02-03 09:17:54', '2020-02-03 09:17:54'),
(37, 10, 10, 1, 0.31, '2020-02-03 09:18:29', '2020-02-03 09:18:29'),
(38, 10, 10, 2, 0.22, '2020-02-03 09:18:29', '2020-02-03 09:18:29'),
(39, 10, 10, 3, 0.06, '2020-02-03 09:18:30', '2020-02-03 09:18:30'),
(40, 10, 10, 4, 0.22, '2020-02-03 09:18:30', '2020-02-03 09:18:30'),
(41, 11, 11, 1, 0.25, '2020-02-03 09:42:28', '2020-02-03 09:42:28'),
(42, 11, 11, 2, 0.22, '2020-02-03 09:42:28', '2020-02-03 09:42:28'),
(43, 11, 11, 3, 0.06, '2020-02-03 09:42:28', '2020-02-03 09:42:28'),
(44, 11, 11, 4, 0.21, '2020-02-03 09:42:28', '2020-02-03 09:42:28'),
(45, 12, 12, 1, 0.25, '2020-02-03 09:43:02', '2020-02-03 09:43:02'),
(46, 12, 12, 2, 0.25, '2020-02-03 09:43:02', '2020-02-03 09:43:02'),
(47, 12, 12, 3, 0.10, '2020-02-03 09:43:02', '2020-02-03 09:43:02'),
(48, 12, 12, 4, 0.18, '2020-02-03 09:43:02', '2020-02-03 09:43:02'),
(49, 13, 13, 1, 0.25, '2020-02-03 09:43:31', '2020-02-03 09:43:31'),
(50, 13, 13, 2, 0.15, '2020-02-03 09:43:31', '2020-02-03 09:43:31'),
(51, 13, 13, 3, 0.10, '2020-02-03 09:43:31', '2020-02-03 09:43:31'),
(52, 13, 13, 4, 0.19, '2020-02-03 09:43:31', '2020-02-03 09:43:31'),
(53, 14, 14, 1, 0.25, '2020-02-03 09:44:27', '2020-02-03 09:44:27'),
(54, 14, 14, 2, 0.29, '2020-02-03 09:44:27', '2020-02-03 09:44:27'),
(55, 14, 14, 3, 0.09, '2020-02-03 09:44:27', '2020-02-03 09:44:27'),
(56, 14, 14, 4, 0.22, '2020-02-03 09:44:27', '2020-02-03 09:44:27'),
(57, 15, 15, 1, 0.28, '2020-02-03 09:44:54', '2020-02-03 09:44:54'),
(58, 15, 15, 2, 0.25, '2020-02-03 09:44:54', '2020-02-03 09:44:54'),
(59, 15, 15, 3, 0.07, '2020-02-03 09:44:54', '2020-02-03 09:44:54'),
(60, 15, 15, 4, 0.22, '2020-02-03 09:44:54', '2020-02-03 09:44:54');

-- --------------------------------------------------------

--
-- Table structure for table `score_famer_main_detail`
--

CREATE TABLE `score_famer_main_detail` (
  `id` bigint(20) UNSIGNED NOT NULL,
  `score_criteria_main_id` int(11) NOT NULL,
  `famer_id` int(11) NOT NULL,
  `topic_id` int(11) NOT NULL,
  `criteria_detail_id` int(11) NOT NULL,
  `topic_score_detail` double(8,2) NOT NULL,
  `answer` double(8,2) NOT NULL,
  `created_at` timestamp NULL DEFAULT NULL,
  `updated_at` timestamp NULL DEFAULT NULL
) ENGINE=InnoDB DEFAULT CHARSET=utf8mb4 COLLATE=utf8mb4_unicode_ci;

--
-- Dumping data for table `score_famer_main_detail`
--

INSERT INTO `score_famer_main_detail` (`id`, `score_criteria_main_id`, `famer_id`, `topic_id`, `criteria_detail_id`, `topic_score_detail`, `answer`, `created_at`, `updated_at`) VALUES
(1, 1, 1, 1, 1, 0.05, 0.60, '2020-02-03 09:04:16', '2020-02-03 09:04:16'),
(2, 1, 1, 1, 2, 0.11, 1.00, '2020-02-03 09:04:16', '2020-02-03 09:04:16'),
(3, 1, 1, 1, 3, 0.09, 0.60, '2020-02-03 09:04:16', '2020-02-03 09:04:16'),
(4, 2, 1, 2, 4, 0.06, 0.60, '2020-02-03 09:04:16', '2020-02-03 09:04:16'),
(5, 2, 1, 2, 5, 0.03, 0.60, '2020-02-03 09:04:16', '2020-02-03 09:04:16'),
(6, 2, 1, 2, 6, 0.17, 1.00, '2020-02-03 09:04:16', '2020-02-03 09:04:16'),
(7, 3, 1, 3, 7, 0.00, 0.60, '2020-02-03 09:04:16', '2020-02-03 09:04:16'),
(8, 3, 1, 3, 8, 0.02, 0.60, '2020-02-03 09:04:16', '2020-02-03 09:04:16'),
(9, 3, 1, 3, 9, 0.03, 0.60, '2020-02-03 09:04:16', '2020-02-03 09:04:16'),
(10, 3, 1, 3, 10, 0.00, 0.20, '2020-02-03 09:04:16', '2020-02-03 09:04:16'),
(11, 4, 1, 4, 11, 0.02, 1.00, '2020-02-03 09:04:16', '2020-02-03 09:04:16'),
(12, 4, 1, 4, 12, 0.04, 0.60, '2020-02-03 09:04:16', '2020-02-03 09:04:16'),
(13, 4, 1, 4, 13, 0.04, 0.60, '2020-02-03 09:04:16', '2020-02-03 09:04:16'),
(14, 4, 1, 4, 14, 0.10, 1.00, '2020-02-03 09:04:16', '2020-02-03 09:04:16'),
(15, 5, 2, 1, 1, 0.05, 0.60, '2020-02-03 09:04:55', '2020-02-03 09:04:55'),
(16, 5, 2, 1, 2, 0.11, 1.00, '2020-02-03 09:04:55', '2020-02-03 09:04:55'),
(17, 5, 2, 1, 3, 0.09, 0.60, '2020-02-03 09:04:55', '2020-02-03 09:04:55'),
(18, 6, 2, 2, 4, 0.09, 1.00, '2020-02-03 09:04:55', '2020-02-03 09:04:55'),
(19, 6, 2, 2, 5, 0.03, 0.60, '2020-02-03 09:04:55', '2020-02-03 09:04:55'),
(20, 6, 2, 2, 6, 0.10, 0.60, '2020-02-03 09:04:55', '2020-02-03 09:04:55'),
(21, 7, 2, 3, 7, 0.00, 0.60, '2020-02-03 09:04:55', '2020-02-03 09:04:55'),
(22, 7, 2, 3, 8, 0.02, 0.60, '2020-02-03 09:04:55', '2020-02-03 09:04:55'),
(23, 7, 2, 3, 9, 0.03, 0.60, '2020-02-03 09:04:55', '2020-02-03 09:04:55'),
(24, 7, 2, 3, 10, 0.01, 0.60, '2020-02-03 09:04:55', '2020-02-03 09:04:55'),
(25, 8, 2, 4, 11, 0.02, 1.00, '2020-02-03 09:04:55', '2020-02-03 09:04:55'),
(26, 8, 2, 4, 12, 0.04, 0.60, '2020-02-03 09:04:55', '2020-02-03 09:04:55'),
(27, 8, 2, 4, 13, 0.04, 0.60, '2020-02-03 09:04:55', '2020-02-03 09:04:55'),
(28, 8, 2, 4, 14, 0.06, 0.60, '2020-02-03 09:04:55', '2020-02-03 09:04:55'),
(29, 9, 3, 1, 1, 0.05, 0.60, '2020-02-03 09:12:29', '2020-02-03 09:12:29'),
(30, 9, 3, 1, 2, 0.11, 1.00, '2020-02-03 09:12:29', '2020-02-03 09:12:29'),
(31, 9, 3, 1, 3, 0.09, 0.60, '2020-02-03 09:12:29', '2020-02-03 09:12:29'),
(32, 10, 3, 2, 4, 0.09, 1.00, '2020-02-03 09:12:29', '2020-02-03 09:12:29'),
(33, 10, 3, 2, 5, 0.03, 0.60, '2020-02-03 09:12:29', '2020-02-03 09:12:29'),
(34, 10, 3, 2, 6, 0.10, 0.60, '2020-02-03 09:12:29', '2020-02-03 09:12:29'),
(35, 11, 3, 3, 7, 0.00, 0.60, '2020-02-03 09:12:29', '2020-02-03 09:12:29'),
(36, 11, 3, 3, 8, 0.02, 0.60, '2020-02-03 09:12:29', '2020-02-03 09:12:29'),
(37, 11, 3, 3, 9, 0.05, 1.00, '2020-02-03 09:12:29', '2020-02-03 09:12:29'),
(38, 11, 3, 3, 10, 0.00, 0.20, '2020-02-03 09:12:29', '2020-02-03 09:12:29'),
(39, 12, 3, 4, 11, 0.01, 0.60, '2020-02-03 09:12:29', '2020-02-03 09:12:29'),
(40, 12, 3, 4, 12, 0.04, 0.60, '2020-02-03 09:12:29', '2020-02-03 09:12:29'),
(41, 12, 3, 4, 13, 0.06, 1.00, '2020-02-03 09:12:29', '2020-02-03 09:12:29'),
(42, 12, 3, 4, 14, 0.10, 1.00, '2020-02-03 09:12:29', '2020-02-03 09:12:29'),
(43, 13, 4, 1, 1, 0.05, 0.60, '2020-02-03 09:13:04', '2020-02-03 09:13:04'),
(44, 13, 4, 1, 2, 0.11, 1.00, '2020-02-03 09:13:04', '2020-02-03 09:13:04'),
(45, 13, 4, 1, 3, 0.09, 0.60, '2020-02-03 09:13:04', '2020-02-03 09:13:04'),
(46, 14, 4, 2, 4, 0.09, 1.00, '2020-02-03 09:13:04', '2020-02-03 09:13:04'),
(47, 14, 4, 2, 5, 0.03, 0.60, '2020-02-03 09:13:04', '2020-02-03 09:13:04'),
(48, 14, 4, 2, 6, 0.10, 0.60, '2020-02-03 09:13:04', '2020-02-03 09:13:04'),
(49, 15, 4, 3, 7, 0.00, 0.60, '2020-02-03 09:13:04', '2020-02-03 09:13:04'),
(50, 15, 4, 3, 8, 0.02, 0.60, '2020-02-03 09:13:04', '2020-02-03 09:13:04'),
(51, 15, 4, 3, 9, 0.03, 0.60, '2020-02-03 09:13:04', '2020-02-03 09:13:04'),
(52, 15, 4, 3, 10, 0.00, 0.20, '2020-02-03 09:13:04', '2020-02-03 09:13:04'),
(53, 16, 4, 4, 11, 0.01, 0.60, '2020-02-03 09:13:04', '2020-02-03 09:13:04'),
(54, 16, 4, 4, 12, 0.04, 0.60, '2020-02-03 09:13:04', '2020-02-03 09:13:04'),
(55, 16, 4, 4, 13, 0.04, 0.60, '2020-02-03 09:13:04', '2020-02-03 09:13:04'),
(56, 16, 4, 4, 14, 0.06, 0.60, '2020-02-03 09:13:05', '2020-02-03 09:13:05'),
(57, 17, 5, 1, 1, 0.05, 0.60, '2020-02-03 09:14:15', '2020-02-03 09:14:15'),
(58, 17, 5, 1, 2, 0.11, 1.00, '2020-02-03 09:14:15', '2020-02-03 09:14:15'),
(59, 17, 5, 1, 3, 0.09, 0.60, '2020-02-03 09:14:15', '2020-02-03 09:14:15'),
(60, 18, 5, 2, 4, 0.09, 1.00, '2020-02-03 09:14:15', '2020-02-03 09:14:15'),
(61, 18, 5, 2, 5, 0.03, 0.60, '2020-02-03 09:14:15', '2020-02-03 09:14:15'),
(62, 18, 5, 2, 6, 0.10, 0.60, '2020-02-03 09:14:15', '2020-02-03 09:14:15'),
(63, 19, 5, 3, 7, 0.00, 0.60, '2020-02-03 09:14:15', '2020-02-03 09:14:15'),
(64, 19, 5, 3, 8, 0.02, 0.60, '2020-02-03 09:14:15', '2020-02-03 09:14:15'),
(65, 19, 5, 3, 9, 0.05, 1.00, '2020-02-03 09:14:15', '2020-02-03 09:14:15'),
(66, 19, 5, 3, 10, 0.00, 0.20, '2020-02-03 09:14:15', '2020-02-03 09:14:15'),
(67, 20, 5, 4, 11, 0.01, 0.60, '2020-02-03 09:14:15', '2020-02-03 09:14:15'),
(68, 20, 5, 4, 12, 0.04, 0.60, '2020-02-03 09:14:15', '2020-02-03 09:14:15'),
(69, 20, 5, 4, 13, 0.04, 0.60, '2020-02-03 09:14:15', '2020-02-03 09:14:15'),
(70, 20, 5, 4, 14, 0.10, 1.00, '2020-02-03 09:14:15', '2020-02-03 09:14:15'),
(71, 21, 6, 1, 1, 0.05, 0.60, '2020-02-03 09:15:19', '2020-02-03 09:15:19'),
(72, 21, 6, 1, 2, 0.11, 1.00, '2020-02-03 09:15:19', '2020-02-03 09:15:19'),
(73, 21, 6, 1, 3, 0.09, 0.60, '2020-02-03 09:15:19', '2020-02-03 09:15:19'),
(74, 22, 6, 2, 4, 0.09, 1.00, '2020-02-03 09:15:19', '2020-02-03 09:15:19'),
(75, 22, 6, 2, 5, 0.03, 0.60, '2020-02-03 09:15:19', '2020-02-03 09:15:19'),
(76, 22, 6, 2, 6, 0.10, 0.60, '2020-02-03 09:15:19', '2020-02-03 09:15:19'),
(77, 23, 6, 3, 7, 0.00, 0.60, '2020-02-03 09:15:19', '2020-02-03 09:15:19'),
(78, 23, 6, 3, 8, 0.02, 0.60, '2020-02-03 09:15:19', '2020-02-03 09:15:19'),
(79, 23, 6, 3, 9, 0.03, 0.60, '2020-02-03 09:15:19', '2020-02-03 09:15:19'),
(80, 23, 6, 3, 10, 0.01, 0.60, '2020-02-03 09:15:19', '2020-02-03 09:15:19'),
(81, 24, 6, 4, 11, 0.01, 0.60, '2020-02-03 09:15:19', '2020-02-03 09:15:19'),
(82, 24, 6, 4, 12, 0.04, 0.60, '2020-02-03 09:15:19', '2020-02-03 09:15:19'),
(83, 24, 6, 4, 13, 0.04, 0.60, '2020-02-03 09:15:19', '2020-02-03 09:15:19'),
(84, 24, 6, 4, 14, 0.06, 0.60, '2020-02-03 09:15:19', '2020-02-03 09:15:19'),
(85, 25, 7, 1, 1, 0.05, 0.60, '2020-02-03 09:16:20', '2020-02-03 09:16:20'),
(86, 25, 7, 1, 2, 0.11, 1.00, '2020-02-03 09:16:20', '2020-02-03 09:16:20'),
(87, 25, 7, 1, 3, 0.09, 0.60, '2020-02-03 09:16:20', '2020-02-03 09:16:20'),
(88, 26, 7, 2, 4, 0.02, 0.20, '2020-02-03 09:16:20', '2020-02-03 09:16:20'),
(89, 26, 7, 2, 5, 0.03, 0.60, '2020-02-03 09:16:20', '2020-02-03 09:16:20'),
(90, 26, 7, 2, 6, 0.10, 0.60, '2020-02-03 09:16:20', '2020-02-03 09:16:20'),
(91, 27, 7, 3, 7, 0.00, 0.20, '2020-02-03 09:16:20', '2020-02-03 09:16:20'),
(92, 27, 7, 3, 8, 0.02, 0.60, '2020-02-03 09:16:20', '2020-02-03 09:16:20'),
(93, 27, 7, 3, 9, 0.03, 0.60, '2020-02-03 09:16:20', '2020-02-03 09:16:20'),
(94, 27, 7, 3, 10, 0.01, 0.60, '2020-02-03 09:16:20', '2020-02-03 09:16:20'),
(95, 28, 7, 4, 11, 0.02, 1.00, '2020-02-03 09:16:20', '2020-02-03 09:16:20'),
(96, 28, 7, 4, 12, 0.04, 0.60, '2020-02-03 09:16:20', '2020-02-03 09:16:20'),
(97, 28, 7, 4, 13, 0.04, 0.60, '2020-02-03 09:16:20', '2020-02-03 09:16:20'),
(98, 28, 7, 4, 14, 0.06, 0.60, '2020-02-03 09:16:20', '2020-02-03 09:16:20'),
(99, 29, 8, 1, 1, 0.05, 0.60, '2020-02-03 09:17:18', '2020-02-03 09:17:18'),
(100, 29, 8, 1, 2, 0.06, 0.60, '2020-02-03 09:17:18', '2020-02-03 09:17:18'),
(101, 29, 8, 1, 3, 0.09, 0.60, '2020-02-03 09:17:18', '2020-02-03 09:17:18'),
(102, 30, 8, 2, 4, 0.09, 1.00, '2020-02-03 09:17:18', '2020-02-03 09:17:18'),
(103, 30, 8, 2, 5, 0.03, 0.60, '2020-02-03 09:17:18', '2020-02-03 09:17:18'),
(104, 30, 8, 2, 6, 0.10, 0.60, '2020-02-03 09:17:18', '2020-02-03 09:17:18'),
(105, 31, 8, 3, 7, 0.00, 0.60, '2020-02-03 09:17:18', '2020-02-03 09:17:18'),
(106, 31, 8, 3, 8, 0.02, 0.60, '2020-02-03 09:17:18', '2020-02-03 09:17:18'),
(107, 31, 8, 3, 9, 0.03, 0.60, '2020-02-03 09:17:18', '2020-02-03 09:17:18'),
(108, 31, 8, 3, 10, 0.01, 1.00, '2020-02-03 09:17:18', '2020-02-03 09:17:18'),
(109, 32, 8, 4, 11, 0.02, 1.00, '2020-02-03 09:17:18', '2020-02-03 09:17:18'),
(110, 32, 8, 4, 12, 0.04, 0.60, '2020-02-03 09:17:18', '2020-02-03 09:17:18'),
(111, 32, 8, 4, 13, 0.06, 1.00, '2020-02-03 09:17:18', '2020-02-03 09:17:18'),
(112, 32, 8, 4, 14, 0.10, 1.00, '2020-02-03 09:17:18', '2020-02-03 09:17:18'),
(113, 33, 9, 1, 1, 0.05, 0.60, '2020-02-03 09:17:54', '2020-02-03 09:17:54'),
(114, 33, 9, 1, 2, 0.11, 1.00, '2020-02-03 09:17:54', '2020-02-03 09:17:54'),
(115, 33, 9, 1, 3, 0.09, 0.60, '2020-02-03 09:17:54', '2020-02-03 09:17:54'),
(116, 34, 9, 2, 4, 0.06, 0.60, '2020-02-03 09:17:54', '2020-02-03 09:17:54'),
(117, 34, 9, 2, 5, 0.03, 0.60, '2020-02-03 09:17:54', '2020-02-03 09:17:54'),
(118, 34, 9, 2, 6, 0.17, 1.00, '2020-02-03 09:17:54', '2020-02-03 09:17:54'),
(119, 35, 9, 3, 7, 0.00, 0.20, '2020-02-03 09:17:54', '2020-02-03 09:17:54'),
(120, 35, 9, 3, 8, 0.02, 0.60, '2020-02-03 09:17:54', '2020-02-03 09:17:54'),
(121, 35, 9, 3, 9, 0.03, 0.60, '2020-02-03 09:17:54', '2020-02-03 09:17:54'),
(122, 35, 9, 3, 10, 0.01, 1.00, '2020-02-03 09:17:54', '2020-02-03 09:17:54'),
(123, 36, 9, 4, 11, 0.02, 1.00, '2020-02-03 09:17:54', '2020-02-03 09:17:54'),
(124, 36, 9, 4, 12, 0.04, 0.60, '2020-02-03 09:17:54', '2020-02-03 09:17:54'),
(125, 36, 9, 4, 13, 0.06, 1.00, '2020-02-03 09:17:54', '2020-02-03 09:17:54'),
(126, 36, 9, 4, 14, 0.10, 1.00, '2020-02-03 09:17:54', '2020-02-03 09:17:54'),
(127, 37, 10, 1, 1, 0.05, 0.60, '2020-02-03 09:18:29', '2020-02-03 09:18:29'),
(128, 37, 10, 1, 2, 0.11, 1.00, '2020-02-03 09:18:29', '2020-02-03 09:18:29'),
(129, 37, 10, 1, 3, 0.15, 1.00, '2020-02-03 09:18:29', '2020-02-03 09:18:29'),
(130, 38, 10, 2, 4, 0.02, 0.20, '2020-02-03 09:18:29', '2020-02-03 09:18:29'),
(131, 38, 10, 2, 5, 0.03, 0.60, '2020-02-03 09:18:29', '2020-02-03 09:18:29'),
(132, 38, 10, 2, 6, 0.17, 1.00, '2020-02-03 09:18:29', '2020-02-03 09:18:29'),
(133, 39, 10, 3, 7, 0.00, 0.20, '2020-02-03 09:18:30', '2020-02-03 09:18:30'),
(134, 39, 10, 3, 8, 0.02, 0.60, '2020-02-03 09:18:30', '2020-02-03 09:18:30'),
(135, 39, 10, 3, 9, 0.03, 0.60, '2020-02-03 09:18:30', '2020-02-03 09:18:30'),
(136, 39, 10, 3, 10, 0.01, 1.00, '2020-02-03 09:18:30', '2020-02-03 09:18:30'),
(137, 40, 10, 4, 11, 0.02, 1.00, '2020-02-03 09:18:30', '2020-02-03 09:18:30'),
(138, 40, 10, 4, 12, 0.04, 0.60, '2020-02-03 09:18:30', '2020-02-03 09:18:30'),
(139, 40, 10, 4, 13, 0.06, 1.00, '2020-02-03 09:18:30', '2020-02-03 09:18:30'),
(140, 40, 10, 4, 14, 0.10, 1.00, '2020-02-03 09:18:30', '2020-02-03 09:18:30'),
(141, 41, 11, 1, 1, 0.05, 0.60, '2020-02-03 09:42:28', '2020-02-03 09:42:28'),
(142, 41, 11, 1, 2, 0.11, 1.00, '2020-02-03 09:42:28', '2020-02-03 09:42:28'),
(143, 41, 11, 1, 3, 0.09, 0.60, '2020-02-03 09:42:28', '2020-02-03 09:42:28'),
(144, 42, 11, 2, 4, 0.09, 1.00, '2020-02-03 09:42:28', '2020-02-03 09:42:28'),
(145, 42, 11, 2, 5, 0.03, 0.60, '2020-02-03 09:42:28', '2020-02-03 09:42:28'),
(146, 42, 11, 2, 6, 0.10, 0.60, '2020-02-03 09:42:28', '2020-02-03 09:42:28'),
(147, 43, 11, 3, 7, 0.00, 0.60, '2020-02-03 09:42:28', '2020-02-03 09:42:28'),
(148, 43, 11, 3, 8, 0.02, 0.60, '2020-02-03 09:42:28', '2020-02-03 09:42:28'),
(149, 43, 11, 3, 9, 0.03, 0.60, '2020-02-03 09:42:28', '2020-02-03 09:42:28'),
(150, 43, 11, 3, 10, 0.01, 0.60, '2020-02-03 09:42:28', '2020-02-03 09:42:28'),
(151, 44, 11, 4, 11, 0.01, 0.60, '2020-02-03 09:42:28', '2020-02-03 09:42:28'),
(152, 44, 11, 4, 12, 0.04, 0.60, '2020-02-03 09:42:28', '2020-02-03 09:42:28'),
(153, 44, 11, 4, 13, 0.06, 1.00, '2020-02-03 09:42:28', '2020-02-03 09:42:28'),
(154, 44, 11, 4, 14, 0.10, 1.00, '2020-02-03 09:42:28', '2020-02-03 09:42:28'),
(155, 45, 12, 1, 1, 0.05, 0.60, '2020-02-03 09:43:02', '2020-02-03 09:43:02'),
(156, 45, 12, 1, 2, 0.11, 1.00, '2020-02-03 09:43:02', '2020-02-03 09:43:02'),
(157, 45, 12, 1, 3, 0.09, 0.60, '2020-02-03 09:43:02', '2020-02-03 09:43:02'),
(158, 46, 12, 2, 4, 0.06, 0.60, '2020-02-03 09:43:02', '2020-02-03 09:43:02'),
(159, 46, 12, 2, 5, 0.03, 0.60, '2020-02-03 09:43:02', '2020-02-03 09:43:02'),
(160, 46, 12, 2, 6, 0.17, 1.00, '2020-02-03 09:43:02', '2020-02-03 09:43:02'),
(161, 47, 12, 3, 7, 0.00, 0.20, '2020-02-03 09:43:02', '2020-02-03 09:43:02'),
(162, 47, 12, 3, 8, 0.03, 1.00, '2020-02-03 09:43:02', '2020-02-03 09:43:02'),
(163, 47, 12, 3, 9, 0.05, 1.00, '2020-02-03 09:43:02', '2020-02-03 09:43:02'),
(164, 47, 12, 3, 10, 0.01, 1.00, '2020-02-03 09:43:02', '2020-02-03 09:43:02'),
(165, 48, 12, 4, 11, 0.02, 1.00, '2020-02-03 09:43:02', '2020-02-03 09:43:02'),
(166, 48, 12, 4, 12, 0.04, 0.60, '2020-02-03 09:43:02', '2020-02-03 09:43:02'),
(167, 48, 12, 4, 13, 0.06, 1.00, '2020-02-03 09:43:02', '2020-02-03 09:43:02'),
(168, 48, 12, 4, 14, 0.06, 0.60, '2020-02-03 09:43:02', '2020-02-03 09:43:02'),
(169, 49, 13, 1, 1, 0.05, 0.60, '2020-02-03 09:43:31', '2020-02-03 09:43:31'),
(170, 49, 13, 1, 2, 0.11, 1.00, '2020-02-03 09:43:31', '2020-02-03 09:43:31'),
(171, 49, 13, 1, 3, 0.09, 0.60, '2020-02-03 09:43:31', '2020-02-03 09:43:31'),
(172, 50, 13, 2, 4, 0.02, 0.20, '2020-02-03 09:43:31', '2020-02-03 09:43:31'),
(173, 50, 13, 2, 5, 0.03, 0.60, '2020-02-03 09:43:31', '2020-02-03 09:43:31'),
(174, 50, 13, 2, 6, 0.10, 0.60, '2020-02-03 09:43:31', '2020-02-03 09:43:31'),
(175, 51, 13, 3, 7, 0.00, 0.60, '2020-02-03 09:43:31', '2020-02-03 09:43:31'),
(176, 51, 13, 3, 8, 0.03, 1.00, '2020-02-03 09:43:31', '2020-02-03 09:43:31'),
(177, 51, 13, 3, 9, 0.05, 1.00, '2020-02-03 09:43:31', '2020-02-03 09:43:31'),
(178, 51, 13, 3, 10, 0.01, 1.00, '2020-02-03 09:43:31', '2020-02-03 09:43:31'),
(179, 52, 13, 4, 11, 0.02, 1.00, '2020-02-03 09:43:31', '2020-02-03 09:43:31'),
(180, 52, 13, 4, 12, 0.04, 0.60, '2020-02-03 09:43:31', '2020-02-03 09:43:31'),
(181, 52, 13, 4, 13, 0.04, 0.60, '2020-02-03 09:43:31', '2020-02-03 09:43:31'),
(182, 52, 13, 4, 14, 0.10, 1.00, '2020-02-03 09:43:31', '2020-02-03 09:43:31'),
(183, 53, 14, 1, 1, 0.05, 0.60, '2020-02-03 09:44:27', '2020-02-03 09:44:27'),
(184, 53, 14, 1, 2, 0.11, 1.00, '2020-02-03 09:44:27', '2020-02-03 09:44:27'),
(185, 53, 14, 1, 3, 0.09, 0.60, '2020-02-03 09:44:27', '2020-02-03 09:44:27'),
(186, 54, 14, 2, 4, 0.09, 1.00, '2020-02-03 09:44:27', '2020-02-03 09:44:27'),
(187, 54, 14, 2, 5, 0.03, 0.60, '2020-02-03 09:44:27', '2020-02-03 09:44:27'),
(188, 54, 14, 2, 6, 0.17, 1.00, '2020-02-03 09:44:27', '2020-02-03 09:44:27'),
(189, 55, 14, 3, 7, 0.00, 0.60, '2020-02-03 09:44:27', '2020-02-03 09:44:27'),
(190, 55, 14, 3, 8, 0.02, 0.60, '2020-02-03 09:44:27', '2020-02-03 09:44:27'),
(191, 55, 14, 3, 9, 0.05, 1.00, '2020-02-03 09:44:27', '2020-02-03 09:44:27'),
(192, 55, 14, 3, 10, 0.01, 1.00, '2020-02-03 09:44:27', '2020-02-03 09:44:27'),
(193, 56, 14, 4, 11, 0.02, 1.00, '2020-02-03 09:44:27', '2020-02-03 09:44:27'),
(194, 56, 14, 4, 12, 0.04, 0.60, '2020-02-03 09:44:27', '2020-02-03 09:44:27'),
(195, 56, 14, 4, 13, 0.06, 1.00, '2020-02-03 09:44:27', '2020-02-03 09:44:27'),
(196, 56, 14, 4, 14, 0.10, 1.00, '2020-02-03 09:44:27', '2020-02-03 09:44:27'),
(197, 57, 15, 1, 1, 0.08, 1.00, '2020-02-03 09:44:54', '2020-02-03 09:44:54'),
(198, 57, 15, 1, 2, 0.11, 1.00, '2020-02-03 09:44:54', '2020-02-03 09:44:54'),
(199, 57, 15, 1, 3, 0.09, 0.60, '2020-02-03 09:44:54', '2020-02-03 09:44:54'),
(200, 58, 15, 2, 4, 0.06, 0.60, '2020-02-03 09:44:54', '2020-02-03 09:44:54'),
(201, 58, 15, 2, 5, 0.03, 0.60, '2020-02-03 09:44:54', '2020-02-03 09:44:54'),
(202, 58, 15, 2, 6, 0.17, 1.00, '2020-02-03 09:44:54', '2020-02-03 09:44:54'),
(203, 59, 15, 3, 7, 0.00, 0.60, '2020-02-03 09:44:54', '2020-02-03 09:44:54'),
(204, 59, 15, 3, 8, 0.02, 0.60, '2020-02-03 09:44:54', '2020-02-03 09:44:54'),
(205, 59, 15, 3, 9, 0.03, 0.60, '2020-02-03 09:44:54', '2020-02-03 09:44:54'),
(206, 59, 15, 3, 10, 0.01, 1.00, '2020-02-03 09:44:54', '2020-02-03 09:44:54'),
(207, 60, 15, 4, 11, 0.02, 1.00, '2020-02-03 09:44:54', '2020-02-03 09:44:54'),
(208, 60, 15, 4, 12, 0.04, 0.60, '2020-02-03 09:44:54', '2020-02-03 09:44:54'),
(209, 60, 15, 4, 13, 0.06, 1.00, '2020-02-03 09:44:54', '2020-02-03 09:44:54'),
(210, 60, 15, 4, 14, 0.10, 1.00, '2020-02-03 09:44:54', '2020-02-03 09:44:54');

-- --------------------------------------------------------

--
-- Table structure for table `users`
--

CREATE TABLE `users` (
  `id` bigint(20) UNSIGNED NOT NULL,
  `name` varchar(255) COLLATE utf8mb4_unicode_ci NOT NULL,
  `email` varchar(255) COLLATE utf8mb4_unicode_ci NOT NULL,
  `email_verified_at` timestamp NULL DEFAULT NULL,
  `password` varchar(255) COLLATE utf8mb4_unicode_ci NOT NULL,
  `remember_token` varchar(100) COLLATE utf8mb4_unicode_ci DEFAULT NULL,
  `created_at` timestamp NULL DEFAULT NULL,
  `updated_at` timestamp NULL DEFAULT NULL
) ENGINE=InnoDB DEFAULT CHARSET=utf8mb4 COLLATE=utf8mb4_unicode_ci;

--
-- Dumping data for table `users`
--

INSERT INTO `users` (`id`, `name`, `email`, `email_verified_at`, `password`, `remember_token`, `created_at`, `updated_at`) VALUES
(1, 'admin', 'admin@gmail.com', NULL, '$2y$10$x/MnnE9ItVryrqoCOv.Dq.KmX8/3ZYYBbqMsTmO8WfAleFxRCztAm', NULL, '2020-02-03 16:54:17', '2020-02-03 16:54:17');

--
-- Indexes for dumped tables
--

--
-- Indexes for table `criteria`
--
ALTER TABLE `criteria`
  ADD PRIMARY KEY (`id`);

--
-- Indexes for table `criteria_detail`
--
ALTER TABLE `criteria_detail`
  ADD PRIMARY KEY (`id`);

--
-- Indexes for table `criteria_main`
--
ALTER TABLE `criteria_main`
  ADD PRIMARY KEY (`id`);

--
-- Indexes for table `failed_jobs`
--
ALTER TABLE `failed_jobs`
  ADD PRIMARY KEY (`id`);

--
-- Indexes for table `famer`
--
ALTER TABLE `famer`
  ADD PRIMARY KEY (`id`);

--
-- Indexes for table `form_criteria_season`
--
ALTER TABLE `form_criteria_season`
  ADD PRIMARY KEY (`id`);

--
-- Indexes for table `garden_detail`
--
ALTER TABLE `garden_detail`
  ADD PRIMARY KEY (`id`);

--
-- Indexes for table `harvest_information`
--
ALTER TABLE `harvest_information`
  ADD PRIMARY KEY (`id`);

--
-- Indexes for table `management_gargen`
--
ALTER TABLE `management_gargen`
  ADD PRIMARY KEY (`id`);

--
-- Indexes for table `migrations`
--
ALTER TABLE `migrations`
  ADD PRIMARY KEY (`id`);

--
-- Indexes for table `password_resets`
--
ALTER TABLE `password_resets`
  ADD KEY `password_resets_email_index` (`email`);

--
-- Indexes for table `plantation_management_information`
--
ALTER TABLE `plantation_management_information`
  ADD PRIMARY KEY (`id`);

--
-- Indexes for table `planting_information`
--
ALTER TABLE `planting_information`
  ADD PRIMARY KEY (`id`);

--
-- Indexes for table `score_famer`
--
ALTER TABLE `score_famer`
  ADD PRIMARY KEY (`id`);

--
-- Indexes for table `score_famer_main`
--
ALTER TABLE `score_famer_main`
  ADD PRIMARY KEY (`id`);

--
-- Indexes for table `score_famer_main_detail`
--
ALTER TABLE `score_famer_main_detail`
  ADD PRIMARY KEY (`id`);

--
-- Indexes for table `users`
--
ALTER TABLE `users`
  ADD PRIMARY KEY (`id`),
  ADD UNIQUE KEY `users_email_unique` (`email`);

--
-- AUTO_INCREMENT for dumped tables
--

--
-- AUTO_INCREMENT for table `criteria`
--
ALTER TABLE `criteria`
  MODIFY `id` bigint(20) UNSIGNED NOT NULL AUTO_INCREMENT, AUTO_INCREMENT=3;

--
-- AUTO_INCREMENT for table `criteria_detail`
--
ALTER TABLE `criteria_detail`
  MODIFY `id` bigint(20) UNSIGNED NOT NULL AUTO_INCREMENT, AUTO_INCREMENT=29;

--
-- AUTO_INCREMENT for table `criteria_main`
--
ALTER TABLE `criteria_main`
  MODIFY `id` bigint(20) UNSIGNED NOT NULL AUTO_INCREMENT, AUTO_INCREMENT=9;

--
-- AUTO_INCREMENT for table `failed_jobs`
--
ALTER TABLE `failed_jobs`
  MODIFY `id` bigint(20) UNSIGNED NOT NULL AUTO_INCREMENT;

--
-- AUTO_INCREMENT for table `famer`
--
ALTER TABLE `famer`
  MODIFY `id` bigint(20) UNSIGNED NOT NULL AUTO_INCREMENT, AUTO_INCREMENT=16;

--
-- AUTO_INCREMENT for table `form_criteria_season`
--
ALTER TABLE `form_criteria_season`
  MODIFY `id` bigint(20) UNSIGNED NOT NULL AUTO_INCREMENT, AUTO_INCREMENT=18;

--
-- AUTO_INCREMENT for table `garden_detail`
--
ALTER TABLE `garden_detail`
  MODIFY `id` bigint(20) UNSIGNED NOT NULL AUTO_INCREMENT, AUTO_INCREMENT=16;

--
-- AUTO_INCREMENT for table `harvest_information`
--
ALTER TABLE `harvest_information`
  MODIFY `id` bigint(20) UNSIGNED NOT NULL AUTO_INCREMENT;

--
-- AUTO_INCREMENT for table `management_gargen`
--
ALTER TABLE `management_gargen`
  MODIFY `id` bigint(20) UNSIGNED NOT NULL AUTO_INCREMENT;

--
-- AUTO_INCREMENT for table `migrations`
--
ALTER TABLE `migrations`
  MODIFY `id` int(10) UNSIGNED NOT NULL AUTO_INCREMENT, AUTO_INCREMENT=17;

--
-- AUTO_INCREMENT for table `plantation_management_information`
--
ALTER TABLE `plantation_management_information`
  MODIFY `id` bigint(20) UNSIGNED NOT NULL AUTO_INCREMENT;

--
-- AUTO_INCREMENT for table `planting_information`
--
ALTER TABLE `planting_information`
  MODIFY `id` bigint(20) UNSIGNED NOT NULL AUTO_INCREMENT;

--
-- AUTO_INCREMENT for table `score_famer`
--
ALTER TABLE `score_famer`
  MODIFY `id` bigint(20) UNSIGNED NOT NULL AUTO_INCREMENT, AUTO_INCREMENT=16;

--
-- AUTO_INCREMENT for table `score_famer_main`
--
ALTER TABLE `score_famer_main`
  MODIFY `id` bigint(20) UNSIGNED NOT NULL AUTO_INCREMENT, AUTO_INCREMENT=61;

--
-- AUTO_INCREMENT for table `score_famer_main_detail`
--
ALTER TABLE `score_famer_main_detail`
  MODIFY `id` bigint(20) UNSIGNED NOT NULL AUTO_INCREMENT, AUTO_INCREMENT=211;

--
-- AUTO_INCREMENT for table `users`
--
ALTER TABLE `users`
  MODIFY `id` bigint(20) UNSIGNED NOT NULL AUTO_INCREMENT, AUTO_INCREMENT=2;
COMMIT;

/*!40101 SET CHARACTER_SET_CLIENT=@OLD_CHARACTER_SET_CLIENT */;
/*!40101 SET CHARACTER_SET_RESULTS=@OLD_CHARACTER_SET_RESULTS */;
/*!40101 SET COLLATION_CONNECTION=@OLD_COLLATION_CONNECTION */;
